Daniela Costa Eduardo;9000000000141250000;MMAN;;;
João Figueiredo Mendes;9000000000135030000;MMAN;;;
Hugo Teixeira Alves;9000000000195370000;MMAN;;;
Érica Teixeira Mendes;9000000000175700000;MMAN;;;
Felipe Figueiredo Figueiredo;9000000000165820000;MMAN;;;
Felipe Teixeira Eduardo;9000000000197470000;MMAN;;;
Hugo Teixeira Rocha;9000000000150660000;MMAN;;;
Isabela Santos Figueiredo;9000000000166410000;MMAN;;;
Mariana Mendes Figueiredo;9000000000120440000;MMAN;;;
Hugo Nunes Pereira;9000000000172290000;MMAN;;;
Hugo Ribeiro Mendes;9000000000185000000;MMAN;;;
Daniela Mendes Pereira;9000000000137600000;MMAN;;;
Felipe Santos Figueiredo;9000000000195780000;MMAN;;;
Hugo Santos Santos;9000000000129090000;MMAN;;;
Carlos Mendes Ferreira;9000000000197570000;MMAN;;;
João Teixeira Teixeira;9000000000171220000;MMAN;;;
João Costa Teixeira;9000000000167220000;MMAN;;;
Felipe Almeida Santos;9000000000147650000;MMAN;;;
Felipe Costa Mendes;9000000000188270000;MMAN;;;
Hugo Teixeira Oliveira;9000000000131920000;MMAN;;;
Isabela Nascimento Teixeira;9000000000139320000;MMAN;;;
Hugo Almeida Rocha;9000000000185760000;MMAN;;;
João Nunes Pereira;9000000000135060000;MMAN;;;
Felipe Almeida Eduardo;9000000000104990000;MMAN;;;
Lucas Costa Lima;9000000000154120000;MMAN;;;
Hugo Costa Figueiredo;9000000000124850000;M2C;;;
Graziella Almeida Ferreira;9000000000159910000;M2C;;;
Mariana Figueiredo Alves;9000000000139220000;M2C;;;
Lucas Almeida Ferreira;90000000001071300000;M2C;;;
Beatriz Costa Santos;90000000001088600000;M2C;;;
Gustavo Pereira da Silva;90000000001074900000;M2C;;;
Amanda Ribeiro Moreira;90000000001085800000;M2C;;;
João Vitor Martins Carvalho;90000000001087100000;M2C;;;
Mariana Lopes Figueiredo;90000000001073400000;M2C;;;
Rafael Oliveira Nunes;90000000001079200000;M2C;;;
Sofia Monteiro Duarte;90000000001088100000;M2C;;;
Pedro Henrique Almeida Souza;90000000001074800000;M2C;;;
Isabela Ramos Pereira;90000000001084700000;M2C;;;
Leonardo Rocha Mendes;90000000001083500000;M2C;;;
Camila Araújo Castro;90000000001077600000;M2C;;;
Matheus Lima Barbosa;90000000001088200000;M2C;;;
Ana Júlia Santana Teixeira;90000000001075400000;M2C;;;
Bruno Alves Machado;90000000001086100000;M2C;;;
Gabriela Fonseca Cardoso;90000000001085700000;M2C;;;
Vinícius Carvalho Matos;90000000001082400000;M2C;;;
Larissa Mota Fernandes;90000000001077800000;M2C;;;
Felipe Correia Antunes;90000000001072300000;M2C;;;
Júlia Cardoso Albuquerque;90000000001086200000;M2C;;;
Daniel Rodrigues Bastos;90000000001071800000;M2C;;;
Carolina Oliveira Costa;90000000001089100000;M2C;;;
Thiago Almeida Xavier;90000000001083700000;M2C;;;
Vitória Mendes Pereira;90000000001078200000;M2C;;;
Diego Santana Lopes;90000000001085100000;M2C;;;
Manuela Rezende Andrade;90000000001015300000;M2C;;;
Igor Martins Gonçalves;90000000001098600000;M2C;;;
Luiza Farias Moreira;90000000001076300000;M3A;;;
Carlos Oliveira Mendes;90000000001029500000;M3A;;;
Fernanda Souza Ribeiro;90000000001087400000;M3A;;;
Rodrigo Silva Almeida;90000000001043200000;M3A;;;
Juliana Lopes Ferreira;90000000001095100000;M3A;;;
Eduardo Pereira Martins;90000000001087600000;M3A;;;
Paula Cardoso Araújo;90000000001039400000;M3A;;;
Rafael Monteiro Duarte;90000000001065200000;M3A;;;
Sofia Nunes Carvalho;90000000001074100000;M3A;;;
Pedro Matos Teixeira;90000000001067800000;M3A;;;
Isabela Correia Figueiredo;90000000001082300000;M3A;;;
Leonardo Ramos Barbosa;90000000001051900000;M3A;;;
Camila Fernandes Costa;90000000001013800000;M3A;;;
Matheus Rocha Bastos;90000000001097100000;M3A;;;
Ana Clara Silva Santos;90000000001042800000;M3A;;;
Bruno Souza Moreira;90000000001075600000;M3A;;;
Gabriela Mendes Oliveira;90000000001084100000;M3A;;;
Vinícius Lima Antunes;90000000001059200000;M3A;;;
Larissa Teixeira Nunes;90000000001049300000;M3A;;;
Felipe Alves Xavier;90000000001073100000;M3A;;;
Júlia Lopes Andrade;90000000001096200000;M3A;;;
Daniel Farias Carvalho;90000000001065400000;M3A;;;
Carolina Ribeiro Matos;90000000001098100000;M3A;;;
Thiago Santos Rocha;90000000001061400000;M3A;;;
Vitória Lima Fonseca;90000000001084200000;M3A;;;
Diego Martins Cardoso;90000000001073500000;M3A;;;
Manuela Alves Souza;90000000001092500000;M3A;;;
Igor Pereira Ribeiro;90000000001038400000;M3F;;;
Luiza Araújo Nunes;90000000001071600000;M3F;;;
Gustavo Martins Ferreira;90000000001058700000;M3F;;;
Mariana Souza Duarte;90000000001037100000;M3F;;;
Bruno Oliveira Silva;90000000001064800000;M3F;;;
Laura Mendes Costa;90000000001027300000;M3F;;;
Felipe Cardoso Ribeiro;90000000001085400000;M3F;;;
Camila Lopes Nunes;90000000001093700000;M3F;;;
Rafael Monteiro Teixeira;90000000001081400000;M3F;;;
Lucas Pereira Araújo;90000000001098700000;M3F;;;
Beatriz Correia Mendes;90000000001035700000;M3F;;;
João Figueiredo Antunes;90000000001058200000;M3F;;;
Larissa Rocha Martins;90000000001082600000;M3F;;;
Daniel Ramos Carvalho;90000000001073200000;M3F;;;
Ana Clara Silva;90000000001031700000;M3F;;;
Vinícius Almeida;90000000001087900000;M3F;;;
Júlia Costa Teixeira;90000000001025100000;M3F;;;
Thiago Lima Pereira;90000000001068400000;M3F;;;
Sofia Martins Rocha;90000000001083400000;M3F;;;
Igor Fernandes Nunes;90000000001053800000;M3F;;;
Gabriela Almeida Souza;90000000001049100000;M3F;;;
Matheus Cardoso Figueiredo;90000000001084500000;M3F;;;
Isabela Rocha Mendes;90000000001037400000;M3F;;;
Diego Oliveira Antunes;90000000001062800000;M3F;;;
Paula Lopes Monteiro;90000000001047300000;M3F;;;
Carlos Souza Andrade;90000000001085600000;M3F;;;
Juliana Ramos Costa;90000000001098400000;M3F;;;
Fernando Alves Martins;90000000001024900000;M3F;;;
Larissa Santos Ribeiro;90000000001063700000;M4A;;;
Felipe Nunes Figueiredo;90000000001081500000;M4A;;;
André Oliveira Costa;90000000001036200000;M4A;;;
Bruna Martins Silva;90000000001057800000;M4A;;;
Carlos Eduardo Pereira;90000000001075100000;M4A;;;
Daniela Ribeiro Santos;90000000001089200000;M4A;;;
Érika Lopes Ferreira;90000000001061700000;M4A;;;
Fernando Cardoso Nunes;90000000001096500000;M4A;;;
Gabriela Mendes Rocha;90000000001034200000;M4A;;;
Henrique Teixeira Almeida;90000000001078400000;M4A;;;
Isabella Santos Martins;90000000001056300000;M4A;;;
Jéssica Lima Araújo;90000000001021400000;M4A;;;
Leonardo Alves Figueiredo;90000000001081900000;M4A;;;
Marcela Costa Andrade;90000000001025700000;M4A;;;
Nathan Sousa Barbosa;90000000001034900000;M4A;;;
Olivia Ferreira Antunes;90000000001046800000;M4A;;;
Paulo Henrique Lima;90000000001068200000;M4A;;;
Rafaela Araújo Santos;90000000001031200000;M4A;;;
Samuel Rocha Mendes;90000000001048900000;M4A;;;
Tatiane Martins Oliveira;90000000001027500000;M4A;;;
Uriel Figueiredo Alves;90000000001098300000;M4A;;;
Vanessa Pereira Costa;90000000001074600000;M4A;;;
Wesley Rodrigues Nunes;90000000001092100000;M4A;;;
Xuxa Lima Santos;90000000001082700000;M4A;;;
Yasmin Almeida Ribeiro;90000000001098500000;M4A;;;
Zé Carlos Monteiro;90000000001056200000;M4A;;;
Aline Santos Ferreira;90000000001018700000;M4A;;;
Breno Carvalho Nascimento;90000000001027600000;M4A;;;
Cláudia Mendes Rocha;90000000001053400000;M4C;;;
Denis Martins Andrade;90000000001061200000;M4C;;;
Amanda Costa Lima;90000000001085200000;M4C;;;
Bruno Teixeira Martins;90000000001079400000;M4C;;;
Camila Souza Araújo;90000000001032700000;M4C;;;
Daniel Alves Ribeiro;90000000001019200000;M4C;;;
Érica Lopes Figueiredo;90000000001041300000;M4C;;;
Felipe Rocha Mendes;90000000001089500000;M4C;;;
Giovana Almeida Santos;90000000001021800000;M4C;;;
Hugo Martins Oliveira;90000000001076200000;M4C;;;
Iara Nunes Costa;90000000001058400000;M4C;;;
João Paulo Cardoso;90000000001067200000;M4C;;;
Karla Mendes Ferreira;90000000001045300000;M4C;;;
Lucas Oliveira Antunes;90000000001073800000;M4C;;;
Mariana Santos Teixeira;90000000001021700000;M4C;;;
Natália Rocha Almeida;90000000001035800000;M4C;;;
Otávio Pereira Nunes;90000000001093500000;M4C;;;
Priscila Lima Figueiredo;90000000001052600000;M4C;;;
Rafael Costa Martins;90000000001091400000;M4C;;;
Silvia Araújo Souza;90000000001037800000;M4C;;;
Thiago Nascimento Ribeiro;90000000001083100000;M4C;;;
Úrsula Mendes Costa;90000000001027400000;M4C;;;
Vinícius Alves Rocha;90000000001074200000;M4C;;;
Willian Fernandes Lima;90000000001038900000;M4C;;;
Xênia Cardoso Santos;90000000001086700000;M4C;;;
Yago Araújo Martins;90000000001054600000;M4C;;;
Zaira Oliveira Almeida;90000000001032800000;M4C;;;
Alice Costa Figueiredo;90000000001067900000;M4C;;;
Bruno Mendes Antunes;90000000001084900000;ALPR;;;
Clara Santos Rocha;90000000001038100000;ALPR;;;
Alice Martins Pereira;90000000001092800000;ALPR;;;
Bruno Costa Nunes;90000000001029700000;ALPR;;;
Clara Souza Almeida;90000000001074500000;ALPR;;;
Diego Lima Teixeira;90000000001018400000;ALPR;;;
Ellen Rocha Santos;90000000001071900000;ALPR;;;
Felipe Araújo Oliveira;90000000001047100000;ALPR;;;
Graziella Mendes Silva;90000000001029600000;ALPR;;;
Hugo Almeida Martins;90000000001053700000;ALPR;;;
Isadora Carvalho Rocha;90000000001068500000;ALPR;;;
João Vitor Mendes;90000000001037500000;ALPR;;;
Karine Figueiredo Antunes;90000000001056400000;ALPR;;;
Lucas Pereira Costa;90000000001073900000;ALPR;;;
Mariana Teixeira Lima;90000000001042100000;ALPR;;;
Nathaniel Santos Ribeiro;90000000001058300000;ALPR;;;
Olívia Alves Nascimento;90000000001092600000;ALPR;;;
Pedro Henrique Souza;90000000001038500000;ALPR;;;
Queila Araújo Figueiredo;90000000001043100000;ALPR;;;
Rafael Lima Almeida;90000000001057600000;ALPR;;;
Samanta Cardoso Rocha;90000000001028700000;ALPR;;;
Tiago Martins Ferreira;90000000001057400000;ALPR;;;
Ulisses Ribeiro Santos;90000000001064200000;ALPR;;;
Vanessa Costa Antunes;90000000001084300000;ALPR;;;
William Oliveira Teixeira;90000000001063800000;ALPR;;;
Xuxa Mendes  Nunes;90000000001021900000;ALPR;;;
Yasmin Figueiredo Souza;90000000001035600000;ALPR;;;
Zé Carlos Almeida;90000000001068100000;ALPR;;;
Aline Souza Rocha;90000000001078900000;ELME;;;
Bruno Alves Lima;90000000001051400000;ELME;;;
Ana Clara Ferreira;90000000001026700000;ELME;;;
Bruno Ribeiro Nascimento;90000000001028400000;ELME;;;
Carolina Teixeira Almeida;90000000001081200000;ELME;;;
Daniel Santos Costa;90000000001049200000;ELME;;;
Érica Martins Lima;90000000001017400000;ELME;;;
Felipe Mendes Rocha;90000000001095600000;ELME;;;
Giovana Alves Figueiredo;90000000001083200000;ELME;;;
Henrique Oliveira Santos;90000000001069100000;ELME;;;
Isabela Cardoso Teixeira;90000000001023400000;ELME;;;
João Paulo Martins;90000000001056700000;ELME;;;
Karla Santos Nunes;90000000001078300000;ELME;;;
Lucas Araújo Souza;90000000001041200000;ELME;;;
Mariana Lima Antunes;90000000001025600000;ELME;;;
Nathan Figueiredo Alves;90000000001036100000;ELME;;;
Olívia Pereira Ribeiro;90000000001061900000;ELME;;;
Pedro Henrique Rocha;90000000001072900000;ELME;;;
Quésia Mendes Ferreira;90000000001046300000;ELME;;;
Rafael Lima Nascimento;90000000001038200000;ELME;;;
Samanta Almeida Silva;90000000001048100000;ELME;;;
Thiago Costa Mendes;90000000001082500000;ELME;;;
Ursula Teixeira Figueiredo;90000000001014800000;ELME;;;
Vitor Hugo Santos;90000000001025400000;ELME;;;
William Araújo Martins;90000000001091800000;ELME;;;
Xênia Rodrigues Almeida;90000000001082900000;ELME;;;
Yasmin Oliveira Nunes;90000000001048600000;ELME;;;
Zé Henrique Lima;90000000001046200000;ELME;;;
Alice Figueiredo Santos;90000000001054800000;ELME;;;
Bruno Costa Teixeira;90000000001029300000;MUSI;;;
Amanda Martins Silva;90000000001041700000;MUSI;;;
Bruno Nascimento Almeida;90000000001046700000;MUSI;;;
Clara Rocha Costa;90000000001093200000;MUSI;;;
Diego Ferreira Santos;90000000001025300000;MUSI;;;
Eduarda Teixeira Lima;90000000001057200000;MUSI;;;
Felipe Oliveira Mendes;90000000001045800000;MUSI;;;
Gabriela Araújo Nunes;90000000001074300000;MUSI;;;
Henrique Martins Figueiredo;90000000001061800000;MUSI;;;
Isadora Ribeiro Costa;90000000001029400000;MUSI;;;
João Vitor Santos;90000000001064900000;MUSI;;;
Karine Alves Ferreira;90000000001034800000;MUSI;;;
Lucas Pereira Rocha;90000000001057900000;MUSI;;;
Mariana Souza Teixeira;90000000001012800000;MUSI;;;
Nathan Almeida Silva;90000000001081600000;MUSI;;;
Olivia Mendes Antunes;90000000001073600000;MUSI;;;
Pedro Henrique Lima;90000000001024800000;MUSI;;;
Quésia Costa Martins;90000000001018900000;MUSI;;;
Rafael Lima Nascimento;90000000001035400000;MUSI;;;
Samanta Figueiredo Oliveira;90000000001091500000;MUSI;;;
Thiago Rodrigues Nunes;90000000001046900000;MUSI;;;
Úrsula Martins Almeida;90000000001026300000;MUSI;;;
Vinícius Costa Pereira;90000000001058900000;MUSI;;;
William Santos Rocha;90000000001028900000;MUSI;;;
Xuxa Teixeira Lima;90000000001089400000;MUSI;;;
Yasmin Nascimento Figueiredo;90000000001068900000;MUSI;;;
Zé Carlos Martins;90000000001023700000;MUSI;;;
Alice Santos Teixeira;9000000000166750000;ADM SIEMENS;;;
Bruno Alves Ferreira;9000000000183550000;ADM SIEMENS;;;
Ana Beatriz Almeida;9000000000133590000;ADM SIEMENS;;;
Carlos Eduardo Martins;9000000000151240000;ADM SIEMENS;;;
Daniela Rocha Teixeira;9000000000132420000;ADM SIEMENS;;;
Érica Santos Nunes;9000000000198870000;ADM SIEMENS;;;
Felipe Araújo Costa;9000000000132050000;ADM SIEMENS;;;
Gabriela Lima Silva;9000000000122650000;ADM SIEMENS;;;
Hugo Pereira Rocha;9000000000178970000;ADM SIEMENS;;;
Isabela Mendes Almeida;9000000000119790000;ADM SIEMENS;;;
João Paulo Nascimento;9000000000190440000;ADM SIEMENS;;;
Karla Figueiredo Martins;9000000000107790000;ADM SIEMENS;;;
Lucas Costa Ribeiro;9000000000101050000;ADM SIEMENS;;;
Mariana Santos Teixeira;9000000000172500000;ADM SIEMENS;;;
Nathan Cardoso Oliveira;9000000000123150000;ADM SIEMENS;;;
Olívia Mendes Antunes;9000000000167260000;ADM SIEMENS;;;
Pedro Henrique Santos;9000000000149200000;ADM SIEMENS;;;
Quésia Araújo Lima;9000000000176670000;ADM SIEMENS;;;
Rafael Rocha Nunes;9000000000193950000;ADM SIEMENS;;;
Samanta Alves Ferreira;9000000000167400000;ADM SIEMENS;;;
Thiago Teixeira Costa;9000000000122960000;ADM SIEMENS;;;
Úrsula Martins Pereira;9000000000180300000;ADM SIEMENS;;;
Vinícius Souza Figueiredo;9000000000189300000;ADM SIEMENS;;;
William Lima Rocha;9000000000163630000;ADM SIEMENS;;;
Xuxa Oliveira Santos;9000000000141750000;ADM SIEMENS;;;
Yasmin Ribeiro Mendes;9000000000160820000;ADM SIEMENS;;;
Zé Henrique Almeida;9000000000183250000;ADM SIEMENS;;;
Aline Martins Silva;9000000000165850000;ADM SIEMENS;;;
Bruno Nascimento Teixeira;9000000000170690000;T2A;;;
Clara Ferreira Costa;9000000000137210000;T2A;;;
Alice Nascimento Almeida;9000000000158040000;T2A;;;
Bruno Lima Santos;9000000000187910000;T2A;;;
Carla Teixeira Rocha;9000000000179670000;T2A;;;
Daniel Alves Pereira;9000000000193340000;T2A;;;
Érica Costa Figueiredo;9000000000142920000;T2A;;;
Felipe Ribeiro Antunes;9000000000110900000;T2A;;;
Graziella Martins Silva;9000000000194880000;T2A;;;
Hugo Pereira Mendes;9000000000129220000;T2A;;;
Isabela Rocha Nascimento;9000000000185300000;T2A;;;
João Vitor Araújo;9000000000194730000;T2A;;;
Karine Santos Lima;9000000000133020000;T2A;;;
Lucas Costa Teixeira;9000000000173440000;T2A;;;
Mariana Almeida Ribeiro;9000000000167990000;T2A;;;
Nathaniel Mendes Rocha;9000000000192450000;T2A;;;
Olívia Lima Figueiredo;9000000000112530000;T2A;;;
Pedro Henrique Martins;9000000000106960000;T2A;;;
Quésia Santos Nunes;9000000000186310000;T2A;;;
Rafael Rocha Costa;9000000000142890000;T2A;;;
Samanta Alves Teixeira;9000000000170230000;T2A;;;
Thiago Martins Almeida;9000000000108630000;T2A;;;
Úrsula Ferreira Santos;9000000000104030000;T2A;;;
Vinícius Figueiredo Nascimento;9000000000131060000;T2A;;;
William Araújo Rocha;9000000000161790000;T2A;;;
Xuxa Mendes Oliveira;9000000000133350000;T2A;;;
Yasmin Costa Teixeira;9000000000198820000;T2A;;;
Zé Carlos Ribeiro;9000000000171950000;T2A;;;
Aline Ferreira Silva;9000000000195080000;T2F;;;
Bruno Santos Almeida;9000000000179770000;T2F;;;
Ana Clara Santos;9000000000145840000;T2F;;;
Carlos Eduardo Ferreira;9000000000101420000;T2F;;;
Daniela Almeida Lima;9000000000116650000;T2F;;;
Érica Rodrigues Nascimento;9000000000123080000;T2F;;;
Felipe Martins Oliveira;9000000000113790000;T2F;;;
Graziella Souza Mendes;9000000000199510000;T2F;;;
Hugo Nascimento Teixeira;9000000000150000000;T2F;;;
Isabela Costa Araújo;9000000000128800000;T2F;;;
João Paulo Figueiredo;9000000000142300000;T2F;;;
Karla Rocha Santos;9000000000102520000;T2F;;;
Lucas Alves Ribeiro;9000000000114940000;T2F;;;
Mariana Lima Antunes;9000000000154150000;T2F;;;
Nathan Ferreira Costa;9000000000160620000;T2F;;;
Olívia Martins Nunes;9000000000189760000;T2F;;;
Pedro Henrique Silva;9000000000192070000;T2F;;;
Quésia Almeida Rocha;9000000000132610000;T2F;;;
Rafael Teixeira Santos;9000000000107770000;T2F;;;
Samanta Nascimento Mendes;9000000000150100000;T2F;;;
Thiago Costa Almeida;9000000000162610000;T2F;;;
Úrsula Ribeiro Lima;9000000000162350000;T2F;;;
Vinícius Martins Antunes;9000000000194200000;T2F;;;
William Oliveira Figueiredo;9000000000106120000;T2F;;;
Xuxa Alves Rocha;9000000000182790000;T2F;;;
Yasmin Costa Santos;9000000000148570000;T2F;;;
Zé Henrique Ferreira;9000000000129240000;T2F;;;
Aline Pereira Lima;9000000000163750000;T2F;;;
Bruno Nascimento Santos;9000000000170870000;T3C;;;
Clara Figueiredo Teixeira;9000000000195730000;T3C;;;
Amanda Lima Ferreira;9000000000144600000;T3C;;;
Breno Santos Oliveira;9000000000116230000;T3C;;;
Camila Almeida Teixeira;9000000000145210000;T3C;;;
Daniel Rocha Nascimento;9000000000160050000;T3C;;;
Érica Martins Costa;9000000000102310000;T3C;;;
Felipe Mendes Santos;9000000000165550000;T3C;;;
Gabriela Lima Rocha;9000000000195170000;T3C;;;
Henrique Ferreira Silva;9000000000114430000;T3C;;;
Isadora Nascimento Mendes;9000000000136540000;T3C;;;
João Vitor Figueiredo;9000000000193590000;T3C;;;
Karine Oliveira Teixeira;9000000000176580000;T3C;;;
Lucas Santos Almeida;9000000000177530000;T3C;;;
Mariana Costa Rocha;9000000000174860000;T3C;;;
Nathaniel Ferreira Lima;9000000000181190000;T3C;;;
Olívia Martins Nunes;9000000000168180000;T3C;;;
Pedro Henrique Santos;9000000000132870000;T3C;;;
Quésia Almeida Teixeira;9000000000102890000;T3C;;;
Rafael Rocha Costa;9000000000194980000;T3C;;;
Samanta Nascimento Lima;9000000000124900000;T3C;;;
Thiago Martins Oliveira;9000000000158640000;T3C;;;
Úrsula Ribeiro Antunes;9000000000115490000;T3C;;;
Vinícius Alves Rocha;9000000000173950000;T3C;;;
William Nascimento Silva;9000000000129990000;T3C;;;
Xuxa Costa Almeida;9000000000124780000;T3C;;;
Yasmin Lima Mendes;9000000000186550000;T3C;;;
Zé Carlos Teixeira;9000000000139420000;T3C;;;
Aline Figueiredo Santos;9000000000178480000;T4F;;;
Bruno Santos Ribeiro;9000000000159800000;T4F;;;
Ana Paula Martins;9000000000108050000;T4F;;;
Carlos Eduardo Almeida;9000000000137830000;T4F;;;
Daniela Rocha Nunes;9000000000120110000;T4F;;;
Érica Teixeira Costa;9000000000182040000;T4F;;;
Felipe Lima Santos;9000000000175660000;T4F;;;
Graziella Oliveira Mendes;9000000000148160000;T4F;;;
Hugo Santos Ribeiro;9000000000100380000;T4F;;;
Isabela Figueiredo Almeida;9000000000171650000;T4F;;;
João Paulo  Ferreira;9000000000180830000;T4F;;;
Karla Mendes Rocha;9000000000158850000;T4F;;;
Lucas Pereira Nascimento;9000000000168800000;T4F;;;
Mariana Alves Teixeira;9000000000174330000;T4F;;;
Nathan Ferreira Costa;9000000000168820000;T4F;;;
Olívia Santos Teixeira;9000000000116210000;T4F;;;
Pedro Henrique Lima;9000000000173820000;T4F;;;
Quésia Almeida Ribeiro;9000000000138580000;T4F;;;
Rafael Nascimento Oliveira;9000000000164630000;T4F;;;
Samanta Martins Santos;9000000000184330000;T4F;;;
Thiago Costa Rocha;9000000000191770000;T4F;;;
Úrsula Rodrigues Nascimento;9000000000144130000;T4F;;;
Vinícius Alves Figueiredo;9000000000156530000;T4F;;;
William Lima Mendes;9000000000119800000;T4F;;;
Xuxa Santos Teixeira;9000000000128360000;T4F;;;
Yasmin Almeida Costa;9000000000164750000;T4F;;;
Zé Carlos Ferreira;9000000000119050000;T4F;;;
Aline Teixeira Santos;9000000000162450000;T1LOG;;;
Bruno Figueiredo Almeida;9000000000195190000;T1LOG;;;
Clara Lima Nascimento;9000000000150910000;T1LOG;;;
Carlos Mendes Rocha;9000000000188100000;T1LOG;;;
Carlos Santos Mendes;9000000000163870000;T1LOG;;;
Carlos Mendes Lima;9000000000121690000;T1LOG;;;
Hugo Mendes Ferreira;9000000000191160000;T1LOG;;;
Graziella Teixeira Rocha;9000000000133310000;T1LOG;;;
Graziella Figueiredo Figueiredo;9000000000182480000;T1LOG;;;
Daniela Mendes Oliveira;9000000000140220000;T1LOG;;;
Mariana Costa Teixeira;9000000000104450000;T1LOG;;;
Daniela Almeida Alves;9000000000155240000;T1LOG;;;
Érica Figueiredo Eduardo;9000000000193220000;T1LOG;;;
Carlos Nunes Ferreira;9000000000173430000;T1LOG;;;
Felipe Nunes Figueiredo;9000000000153020000;T1LOG;;;
Isabela Almeida Rocha;9000000000141700000;T1LOG;;;
Hugo Nunes Teixeira;9000000000123390000;T1LOG;;;
Carlos Nunes Figueiredo;9000000000114550000;T1LOG;;;
João Rocha Alves;9000000000167420000;T1LOG;;;
Felipe Figueiredo Oliveira;9000000000161300000;T1LOG;;;
Felipe Almeida Eduardo;9000000000124480000;T1LOG;;;
João Nunes Rocha;9000000000130780000;T1LOG;;;
Érica Rocha Pereira;9000000000187610000;T1LOG;;;
Felipe Rocha Pereira;9000000000151980000;T1LOG;;;
Lucas Rocha Ferreira;9000000000113580000;T1LOG;;;
Isabela Mendes Teixeira;9000000000129730000;T1LOG;;;
Felipe Rocha Ferreira;9000000000124090000;T1LOG;;;
Isabela Nascimento Ferreira;9000000000122000000;T1LOG;;;
Graziella Rocha Santos;9000000000141710000;ALMO;;;
Karla Santos Teixeira;9000000000144320000;ALMO;;;
Daniela Almeida Pereira;9000000000172100000;ALMO;;;
Mariana Almeida Eduardo;9000000000139590000;ALMO;;;
Mariana Almeida Alves;9000000000179010000;ALMO;;;
Daniela Nunes Oliveira;9000000000199370000;ALMO;;;
Daniela Figueiredo Alves;9000000000159900000;ALMO;;;
João Santos Lima;9000000000101280000;ALMO;;;
Érica Rocha Eduardo;9000000000182510000;ALMO;;;
Lucas Santos Teixeira;9000000000188500000;ALMO;;;
Mariana Santos Alves;9000000000180520000;ALMO;;;
Carlos Almeida Alves;9000000000134930000;ALMO;;;
João Mendes Mendes;9000000000107180000;ALMO;;;
Graziella Costa Santos;9000000000105330000;ALMO;;;
Hugo Rocha Eduardo;9000000000106980000;ALMO;;;
Érica Nascimento Lima;9000000000149170000;ALMO;;;
Érica Santos Rocha;9000000000141160000;ALMO;;;
Graziella Figueiredo Mendes;9000000000162900000;ALMO;;;
Karla Santos Eduardo;9000000000185480000;ALMO;;;
Hugo Ribeiro Teixeira;9000000000191530000;ALMO;;;
Isabela Figueiredo Oliveira;9000000000131670000;ALMO;;;
Lucas Costa Mendes;9000000000187430000;ALMO;;;
Mariana Nunes Figueiredo;9000000000174380000;ALMO;;;
Carlos Mendes Pereira;9000000000118150000;ALMO;;;
Felipe Costa Figueiredo;9000000000135010000;ALMO;;;
Daniela Almeida Pereira;9000000000130670000;ALMO;;;
Érica Nunes Alves;9000000000117930000;ALMO;;;
Carlos Ribeiro Pereira;9000000000185330000;ALMO;;;
João Teixeira Santos;9000000000142970000;ALMO;;;
Mariana Ribeiro Santos;9000000000115710000;N3P;;;
Felipe Almeida Mendes;9000000000166070000;N3P;;;
Lucas Nascimento Figueiredo;9000000000148100000;N3P;;;
Hugo Mendes Rocha;9000000000181120000;N3P;;;
Érica Almeida Eduardo;9000000000102900000;N3P;;;
Lucas Rocha Santos;9000000000175760000;N3P;;;
Mariana Nascimento Ferreira;9000000000182970000;N3P;;;
Felipe Figueiredo Lima;9000000000172960000;N3P;;;
Isabela Mendes Pereira;9000000000163290000;N3P;;;
Mariana Figueiredo Teixeira;9000000000163070000;N3P;;;
Daniela Figueiredo Santos;9000000000119620000;N3P;;;
João Almeida Rocha;9000000000142450000;N3P;;;
Mariana Ribeiro Alves;9000000000154960000;N3P;;;
João Ribeiro Eduardo;9000000000183940000;N3P;;;
Graziella Ribeiro Oliveira;9000000000162020000;N3P;;;
Érica Nascimento Figueiredo;9000000000107280000;N3P;;;
Karla Costa Alves;9000000000196830000;N3P;;;
Lucas Mendes Teixeira;9000000000177440000;N3P;;;
Hugo Mendes Santos;9000000000146050000;N3P;;;
Érica Santos Pereira;9000000000129020000;N3P;;;
João Almeida Lima;9000000000188410000;N3P;;;
Isabela Ribeiro Santos;9000000000100880000;N3P;;;
Karla Almeida Santos;9000000000149430000;N3P;;;
Carlos Santos Eduardo;9000000000127870000;N3P;;;
Daniela Nunes Teixeira;9000000000153840000;N3P;;;
Érica Teixeira Alves;9000000000136680000;N3P;;;
Lucas Rocha Alves;9000000000197220000;N3P;;;
Hugo Nunes Teixeira;9000000000171860000;N3P;;;
Érica Nunes Teixeira;9000000000112860000;N3Q;;;
Karla Figueiredo Alves;9000000000127460000;N3Q;;;
Isabela Costa Alves;9000000000129210000;N3Q;;;
Érica Ribeiro Ferreira;9000000000147020000;N3Q;;;
Karla Santos Eduardo;9000000000196350000;N3Q;;;
Carlos Teixeira Pereira;9000000000167500000;N3Q;;;
Daniela Nunes Eduardo;9000000000125830000;N3Q;;;
Felipe Nascimento Rocha;9000000000188560000;N3Q;;;
Hugo Rocha Pereira;9000000000196030000;N3Q;;;
Érica Almeida Figueiredo;9000000000121270000;N3Q;;;
Mariana Rocha Teixeira;9000000000123990000;N3Q;;;
João Mendes Figueiredo;9000000000110250000;N3Q;;;
Graziella Rocha Figueiredo;9000000000173790000;N3Q;;;
Mariana Nascimento Lima;9000000000141770000;N3Q;;;
Karla Costa Figueiredo;9000000000178930000;N3Q;;;
Graziella Teixeira Mendes;9000000000142830000;N3Q;;;
Érica Almeida Santos;9000000000128380000;N3Q;;;
Érica Figueiredo Alves;9000000000151320000;N3Q;;;
João Almeida Ferreira;9000000000133500000;N3Q;;;
Mariana Almeida Figueiredo;9000000000107380000;N3Q;;;
Graziella Mendes Teixeira;9000000000162580000;N3Q;;;
Isabela Santos Lima;9000000000114520000;N3Q;;;
Daniela Nascimento Rocha;9000000000173510000;N3Q;;;
Hugo Mendes Rocha;90000000001071700000;N3Q;;;
Daniela Figueiredo Pereira;90000000001079600000;N3Q;;;
Graziella Mendes Oliveira;90000000001072600000;N3Q;;;
Daniela Figueiredo Pereira;90000000001077200000;N3Q;;;
Érica Costa Oliveira;9000000000194600000;N3Q;;;
Graziella Almeida Rocha;9000000000145500000;I1CER-ROCA;;;
Graziella Almeida Santos;9000000000128770000;I1CER-ROCA;;;
Isabela Figueiredo Lima;9000000000103780000;I1CER-ROCA;;;
Daniela Almeida Oliveira;9000000000113150000;I1CER-ROCA;;;
Felipe Nunes Mendes;9000000000133410000;I1CER-ROCA;;;
João Costa Figueiredo;9000000000104540000;I1CER-ROCA;;;
Érica Rocha Oliveira;9000000000115850000;I1CER-ROCA;;;
Daniela Rocha Santos;9000000000153140000;I1CER-ROCA;;;
Graziella Nascimento Ferreira;9000000000115540000;I1CER-ROCA;;;
João Figueiredo Pereira;9000000000141060000;I1CER-ROCA;;;
Lucas Figueiredo Mendes;9000000000125470000;I1CER-ROCA;;;
Isabela Nascimento Ferreira;9000000000139230000;I1CER-ROCA;;;
João Almeida Rocha;9000000000130900000;I1CER-ROCA;;;
Mariana Costa Eduardo;9000000000145480000;I1CER-ROCA;;;
Karla Almeida Teixeira;9000000000135080000;I1CER-ROCA;;;
Karla Rocha Lima;9000000000124010000;I1CER-ROCA;;;
Hugo Costa Eduardo;9000000000130300000;I1CER-ROCA;;;
Lucas Rocha Eduardo;9000000000158200000;I1CER-ROCA;;;
Karla Figueiredo Eduardo;9000000000119430000;I1CER-ROCA;;;
Hugo Rocha Eduardo;9000000000130090000;I1CER-ROCA;;;
Felipe Almeida Oliveira;9000000000194160000;I1CER-ROCA;;;
Felipe Teixeira Oliveira;9000000000104270000;I1CER-ROCA;;;
Érica Nunes Oliveira;9000000000175970000;I1CER-ROCA;;;
Isabela Almeida Santos;9000000000178760000;I1CER-ROCA;;;
Daniela Santos Alves;9000000000145060000;I1CER-ROCA;;;
Hugo Almeida Ferreira;9000000000116790000;I1CER-ROCA;;;
João Teixeira Lima;9000000000114590000;I1CER-ROCA;;;
Felipe Mendes Pereira;9000000000152080000;I1CER-ROCA;;;
Karla Rocha Pereira;9000000000175440000;I1CER-DEXCO;;;
Lucas Santos Eduardo;9000000000140040000;I1CER-DEXCO;;;
Lucas Teixeira Santos;9000000000154090000;I1CER-DEXCO;;;
Isabela Teixeira Eduardo;9000000000161740000;I1CER-DEXCO;;;
Carlos Costa Ferreira;9000000000155700000;I1CER-DEXCO;;;
Felipe Almeida Ferreira;9000000000169210000;I1CER-DEXCO;;;
Isabela Costa Eduardo;9000000000117690000;I1CER-DEXCO;;;
Carlos Almeida Figueiredo;9000000000149850000;I1CER-DEXCO;;;
Felipe Nunes Eduardo;9000000000163940000;I1CER-DEXCO;;;
Carlos Nascimento Teixeira;9000000000157970000;I1CER-DEXCO;;;
Isabela Nascimento Mendes;9000000000175400000;I1CER-DEXCO;;;
Daniela Almeida Mendes;9000000000177180000;I1CER-DEXCO;;;
Karla Ribeiro Oliveira;9000000000122220000;I1CER-DEXCO;;;
Érica Ribeiro Pereira;9000000000125510000;I1CER-DEXCO;;;
Lucas Almeida Rocha;9000000000194760000;I1CER-DEXCO;;;
Érica Santos Eduardo;9000000000153700000;I1CER-DEXCO;;;
Hugo Teixeira Alves;9000000000150760000;I1CER-DEXCO;;;
João Rocha Rocha;9000000000105760000;I1CER-DEXCO;;;
Daniela Nunes Teixeira;9000000000185470000;I1CER-DEXCO;;;
Isabela Mendes Rocha;9000000000127920000;I1CER-DEXCO;;;
Karla Nunes Figueiredo;9000000000198410000;I1CER-DEXCO;;;
Isabela Ribeiro Alves;9000000000189730000;I1CER-DEXCO;;;
Lucas Almeida Oliveira;9000000000128920000;I1CER-DEXCO;;;
Érica Almeida Figueiredo;9000000000199920000;I1CER-DEXCO;;;
Karla Mendes Alves;9000000000106760000;I1CER-DEXCO;;;
Felipe Almeida Rocha;9000000000142210000;I1CER-DEXCO;;;
Daniela Teixeira Rocha;9000000000169130000;I1CER-DEXCO;;;
Isabela Figueiredo Figueiredo;9000000000143970000;I1CER-DEXCO;;;
Graziella Costa Ferreira;9000000000148120000;ADM-S1;;;
João Almeida Pereira;9000000000111520000;ADM-S1;;;
Hugo Nunes Eduardo;9000000000162600000;ADM-S1;;;
Érica Figueiredo Figueiredo;9000000000170310000;ADM-S1;;;
Felipe Ribeiro Ferreira;9000000000185230000;ADM-S1;;;
Karla Mendes Figueiredo;9000000000101040000;ADM-S1;;;
Érica Rocha Oliveira;9000000000199190000;ADM-S1;;;
Felipe Almeida Pereira;9000000000194650000;ADM-S1;;;
Daniela Rocha Figueiredo;9000000000169680000;ADM-S1;;;
Isabela Teixeira Mendes;9000000000130850000;ADM-S1;;;
Isabela Ribeiro Lima;9000000000111740000;ADM-S1;;;
Mariana Nunes Ferreira;9000000000118100000;ADM-S1;;;
Lucas Figueiredo Pereira;9000000000169300000;ADM-S1;;;
João Santos Ferreira;9000000000142180000;ADM-S1;;;
Isabela Ribeiro Rocha;9000000000191560000;ADM-S1;;;
Érica Figueiredo Pereira;9000000000154520000;ADM-S1;;;
Érica Almeida Mendes;9000000000189070000;ADM-S1;;;
Daniela Santos Santos;9000000000134060000;ADM-S1;;;
Lucas Costa Rocha;9000000000104050000;ADM-S1;;;
Felipe Almeida Mendes;9000000000141640000;ADM-S1;;;
Érica Almeida Oliveira;9000000000143560000;ADM-S1;;;
Karla Figueiredo Rocha;9000000000123110000;ADM-S1;;;
Karla Costa Figueiredo;9000000000114740000;ADM-S1;;;
Isabela Mendes Eduardo;9000000000183200000;ADM-S1;;;
Carlos Almeida Mendes;9000000000128900000;ADM-S1;;;
Isabela Mendes Oliveira;9000000000165300000;ADM-S1;;;
Daniela Almeida Teixeira;9000000000153860000;ADM-S1;;;
Isabela Nascimento Pereira;9000000000192050000;ADM-S1;;;
Karla Figueiredo Ferreira;9000000000127560000;IS2ADM;;;
João Almeida Alves;9000000000154940000;IS2ADM;;;
Daniela Figueiredo Mendes;9000000000125480000;IS2ADM;;;
Carlos Almeida Santos;9000000000104470000;IS2ADM;;;
Carlos Mendes Figueiredo;9000000000131310000;IS2ADM;;;
Karla Santos Figueiredo;9000000000142110000;IS2ADM;;;
Karla Nascimento Alves;9000000000196790000;IS2ADM;;;
Karla Nunes Teixeira;9000000000155360000;IS2ADM;;;
Felipe Costa Oliveira;9000000000123270000;IS2ADM;;;
Isabela Nunes Lima;9000000000129230000;IS2ADM;;;
Graziella Mendes Rocha;9000000000145660000;IS2ADM;;;
Mariana Santos Mendes;9000000000193740000;IS2ADM;;;
João Figueiredo Figueiredo;9000000000136300000;IS2ADM;;;
Daniela Nunes Santos;9000000000115960000;IS2ADM;;;
Isabela Rocha Lima;9000000000112060000;IS2ADM;;;
Hugo Rocha Rocha;9000000000149450000;IS2ADM;;;
Érica Santos Figueiredo;9000000000152630000;IS2ADM;;;
Felipe Teixeira Santos;9000000000151010000;IS2ADM;;;
Karla Almeida Oliveira;9000000000174980000;IS2ADM;;;
Lucas Nascimento Figueiredo;9000000000133340000;IS2ADM;;;
Hugo Santos Oliveira;9000000000100020000;IS2ADM;;;
Érica Rocha Figueiredo;9000000000149050000;IS2ADM;;;
Érica Teixeira Santos;9000000000155760000;IS2ADM;;;
Daniela Teixeira Lima;9000000000112620000;IS2ADM;;;
Graziella Rocha Ferreira;9000000000175220000;IS2ADM;;;
Felipe Mendes Pereira;9000000000120030000;IS2ADM;;;
Graziella Nunes Figueiredo;9000000000170260000;MMI;;;
Karla Figueiredo Eduardo;9000000000120190000;MMI;;;
Graziella Rocha Eduardo;9000000000154930000;MMI;;;
Érica Nascimento Lima;9000000000135170000;MMI;;;
Daniela Costa Oliveira;9000000000143870000;MMI;;;
Carlos Rocha Mendes;9000000000150920000;MMI;;;
Daniela Santos Santos;9000000000167160000;MMI;;;
Mariana Figueiredo Oliveira;9000000000124710000;MMI;;;
Mariana Mendes Rocha;9000000000147640000;MMI;;;
Graziella Almeida Lima;9000000000112070000;MMI;;;
Carlos Ribeiro Ferreira;9000000000155650000;MMI;;;
Mariana Mendes Pereira;9000000000110910000;MMI;;;
Graziella Teixeira Lima;9000000000191370000;MMI;;;
Lucas Costa Rocha;9000000000138100000;MMI;;;
Carlos Santos Ferreira;9000000000143540000;MMI;;;
João Costa Mendes;9000000000104150000;MMI;;;
Graziella Teixeira Teixeira;9000000000118620000;MMI;;;
Daniela Santos Eduardo;9000000000164430000;MMI;;;
Érica Almeida Alves;9000000000147110000;MMI;;;
Carlos Ribeiro Alves;9000000000100530000;MMI;;;
Hugo Rocha Rocha;9000000000168220000;MMI;;;
Érica Rocha Pereira;9000000000108930000;MMI;;;
Karla Figueiredo Lima;9000000000119820000;MMI;;;
Felipe Nunes Mendes;9000000000114070000;MMI;;;
Carlos Almeida Rocha;9000000000192700000;MMI;;;
João Figueiredo Alves;9000000000166460000;MMI;;;
Hugo Teixeira Oliveira;9000000000119720000;MMI;;;
Carlos Nunes Mendes;9000000000152660000;MMI;;;
Lucas Rocha Mendes;9000000000138620000;MMI;;;
Mariana Mendes Alves;9000000000126010000;MMI;;;
Alexandre Lemes Ferreira da Silva;90000000001084771226;DSIST-S1;;;
Ruan Henrique Palmeira;90000000001071750230 ;DSIST-S1;;;
Natália Vaz Cerqueira;90000000001074965880 ;DSIST-S1;;;
Mirella Turqueti Correa Gonçalves;90000000001079624966 ;DSIST-S1;;;
Thainá Cristina de Souza;90000000001072649126;DSIST-S1;;;
Yuri Azevedo Antunes de Souza;90000000001077274613;DSIST-S1;;;
Érica Mendes Santos;9000000000148520000;DSIST-S1;;;
Isabela Santos Teixeira;9000000000183890000;DSIST-S1;;;
Daniela Almeida Alves;9000000000154950000;DSIST-S1;;;
Isabela Teixeira Figueiredo;9000000000176730000;DSIST-S1;;;
Graziella Mendes Figueiredo;9000000000121250000;DSIST-S1;;;
João Almeida Pereira;9000000000125910000;DSIST-S1;;;
Érica Mendes Santos;9000000000105810000;DSIST-S1;;;
Hugo Costa Figueiredo;9000000000113380000;DSIST-S1;;;
Daniela Ribeiro Pereira;9000000000174800000;DSIST-S1;;;
Isabela Nunes Oliveira;9000000000113100000;DSIST-S1;;;
Érica Mendes Pereira;9000000000190630000;DSIST-S1;;;
Felipe Figueiredo Mendes;9000000000136670000;DSIST-S1;;;
Hugo Teixeira Lima;9000000000130980000;DSIST-S1;;;
Felipe Santos Figueiredo;9000000000168160000;DSIST-S1;;;
Carlos Ribeiro Teixeira;9000000000140170000;DSIST-S1;;;
Felipe Nascimento Rocha;9000000000102040000;DSIST-S1;;;
Carlos Figueiredo Alves;9000000000102060000;DSIST-S1;;;
Graziella Nunes Mendes;9000000000140550000;DSIST-S1;;;
Hugo Almeida Figueiredo;9000000000183390000;DSIST-S1;;;
Daniela Teixeira Alves;9000000000179020000;DSIST-S1;;;
Karla Santos Teixeira;9000000000162460000;DSIST-S1;;;
Felipe Rocha Alves;9000000000149540000;DSIST-S1;;;
Daniela Figueiredo Lima;9000000000195000000;IS2DSIST;;;
Daniela Nunes Lima;9000000000134540000;IS2DSIST;;;
Carlos Teixeira Eduardo;9000000000146760000;IS2DSIST;;;
Mariana Figueiredo Oliveira;9000000000190950000;IS2DSIST;;;
Hugo Nunes Rocha;9000000000158070000;IS2DSIST;;;
Hugo Almeida Santos;9000000000102830000;IS2DSIST;;;
Mariana Almeida Figueiredo;9000000000123840000;IS2DSIST;;;
João Figueiredo Lima;9000000000106020000;IS2DSIST;;;
Isabela Nunes Alves;9000000000101360000;IS2DSIST;;;
João Rocha Mendes;9000000000195420000;IS2DSIST;;;
Karla Figueiredo Rocha;9000000000167030000;IS2DSIST;;;
Isabela Teixeira Mendes;9000000000174600000;IS2DSIST;;;
Daniela Santos Lima;9000000000146200000;IS2DSIST;;;
Érica Almeida Ferreira;9000000000114930000;IS2DSIST;;;
Graziella Rocha Lima;9000000000193440000;IS2DSIST;;;
Karla Nunes Alves;9000000000100480000;IS2DSIST;;;
Graziella Nunes Oliveira;9000000000159330000;IS2DSIST;;;
Lucas Rocha Mendes;9000000000168330000;IS2DSIST;;;
Carlos Mendes Pereira;9000000000112510000;IS2DSIST;;;
Carlos Almeida Figueiredo;9000000000127040000;IS2DSIST;;;
João Teixeira Alves;9000000000151920000;IS2DSIST;;;
Érica Figueiredo Rocha;9000000000113160000;IS2DSIST;;;
Karla Rocha Eduardo;9000000000106040000;IS2DSIST;;;
Mariana Rocha Oliveira;9000000000101710000;IS2DSIST;;;
Graziella Almeida Teixeira;9000000000173090000;IS2DSIST;;;
Carlos Almeida Santos;9000000000135900000;IS2DSIST;;;
Graziella Rocha Alves;9000000000123870000;IS2DSIST;;;
Karla Rocha Teixeira;9000000000184400000;IS2DSIST;;;
Felipe Nascimento Alves;9000000000182120000;ELET-S1-A;;;
Isabela Almeida Figueiredo;9000000000190510000;ELET-S1-A;;;
Felipe Costa Eduardo;9000000000159020000;ELET-S1-A;;;
Hugo Teixeira Alves;9000000000100100000;ELET-S1-A;;;
Felipe Nascimento Eduardo;9000000000155710000;ELET-S1-A;;;
Felipe Nascimento Eduardo;9000000000145900000;ELET-S1-A;;;
Mariana Mendes Lima;9000000000159280000;ELET-S1-A;;;
Daniela Nascimento Santos;9000000000128620000;ELET-S1-A;;;
Hugo Nascimento Eduardo;9000000000184620000;ELET-S1-A;;;
Felipe Nunes Teixeira;9000000000156370000;ELET-S1-A;;;
Isabela Nascimento Pereira;9000000000158290000;ELET-S1-A;;;
Hugo Mendes Mendes;9000000000116670000;ELET-S1-A;;;
Carlos Rocha Teixeira;9000000000192190000;ELET-S1-A;;;
Daniela Almeida Santos;9000000000124550000;ELET-S1-A;;;
Érica Mendes Teixeira;9000000000176460000;ELET-S1-A;;;
Carlos Rocha Lima;9000000000143110000;ELET-S1-A;;;
Daniela Nascimento Lima;9000000000128180000;ELET-S1-A;;;
Carlos Almeida Santos;9000000000116860000;ELET-S1-A;;;
Felipe Santos Santos;9000000000104220000;ELET-S1-A;;;
Lucas Almeida Ferreira;9000000000111060000;ELET-S1-A;;;
Carlos Santos Ferreira;9000000000137400000;ELET-S1-A;;;
Carlos Rocha Teixeira;9000000000129720000;ELET-S1-A;;;
Karla Mendes Figueiredo;9000000000181000000;ELET-S1-A;;;
João Costa Eduardo;9000000000110750000;ELET-S1-A;;;
Carlos Almeida Figueiredo;9000000000170110000;ELET-S1-A;;;
Graziella Ribeiro Lima;9000000000186080000;ELET-S1-A;;;
Isabela Rocha Oliveira;9000000000151390000;ELET-S1-A;;;
João Nascimento Ferreira;9000000000186960000;ELET-S1-A;;;
Daniela Rocha Figueiredo;9000000000154780000;ELET-S1-B;;;
Mariana Teixeira Lima;9000000000142840000;ELET-S1-B;;;
Karla Ribeiro Pereira;9000000000133580000;ELET-S1-B;;;
Felipe Figueiredo Lima;9000000000156390000;ELET-S1-B;;;
Mariana Mendes Figueiredo;9000000000132640000;ELET-S1-B;;;
Graziella Costa Figueiredo;9000000000114250000;ELET-S1-B;;;
Felipe Almeida Mendes;9000000000164850000;ELET-S1-B;;;
João Teixeira Oliveira;9000000000178210000;ELET-S1-B;;;
Hugo Teixeira Alves;9000000000187880000;ELET-S1-B;;;
Hugo Mendes Mendes;9000000000108100000;ELET-S1-B;;;
Carlos Santos Teixeira;9000000000136140000;ELET-S1-B;;;
Isabela Ribeiro Eduardo;9000000000146970000;ELET-S1-B;;;
Karla Nunes Eduardo;9000000000166810000;ELET-S1-B;;;
Daniela Ribeiro Ferreira;9000000000168320000;ELET-S1-B;;;
Daniela Nunes Santos;9000000000144070000;ELET-S1-B;;;
Mariana Rocha Figueiredo;9000000000184220000;ELET-S1-B;;;
Daniela Almeida Pereira;9000000000180420000;ELET-S1-B;;;
Graziella Rocha Eduardo;9000000000131700000;ELET-S1-B;;;
Karla Teixeira Alves;9000000000119410000;ELET-S1-B;;;
Carlos Nascimento Lima;9000000000126940000;ELET-S1-B;;;
Érica Nunes Figueiredo;9000000000150950000;ELET-S1-B;;;
Hugo Nascimento Oliveira;9000000000127590000;ELET-S1-B;;;
Carlos Ribeiro Pereira;9000000000116870000;ELET-S1-B;;;
Hugo Rocha Lima;9000000000137260000;ELET-S1-B;;;
Felipe Almeida Pereira;9000000000159820000;ELET-S1-B;;;
Daniela Almeida Santos;9000000000182020000;ELET-S1-B;;;
Graziella Costa Alves;9000000000110730000;ELET-S1-B;;;
Karla Santos Alves;9000000000119970000;ELET-S1-B;;;
Daniela Nascimento Santos;9000000000175800000;ISELET1;;;
Graziella Costa Oliveira;9000000000146480000;ISELET1;;;
Isabela Mendes Rocha;9000000000173290000;ISELET1;;;
Felipe Rocha Mendes;9000000000173650000;ISELET1;;;
Graziella Santos Ferreira;9000000000175370000;ISELET1;;;
Isabela Mendes Oliveira;9000000000144050000;ISELET1;;;
Karla Nunes Alves;9000000000156480000;ISELET1;;;
Hugo Nunes Oliveira;9000000000112810000;ISELET1;;;
Hugo Ribeiro Figueiredo;9000000000176860000;ISELET1;;;
Carlos Santos Pereira;9000000000142470000;ISELET1;;;
Karla Figueiredo Alves;9000000000165180000;ISELET1;;;
João Costa Teixeira;9000000000193490000;ISELET1;;;
João Mendes Eduardo;9000000000117140000;ISELET1;;;
Lucas Teixeira Lima;9000000000192720000;ISELET1;;;
Hugo Ribeiro Oliveira;9000000000181600000;ISELET1;;;
Graziella Ribeiro Mendes;9000000000133250000;ISELET1;;;
Graziella Almeida Alves;9000000000102770000;ISELET1;;;
Érica Rocha Eduardo;9000000000129770000;ISELET1;;;
Daniela Nunes Teixeira;9000000000196490000;ISELET1;;;
Mariana Ribeiro Rocha;9000000000147890000;ISELET1;;;
Graziella Teixeira Oliveira;9000000000172140000;ISELET1;;;
Hugo Nunes Alves;9000000000170240000;ISELET1;;;
Érica Nascimento Eduardo;9000000000114480000;ISELET1;;;
Karla Costa Ferreira;9000000000196320000;ISELET1;;;
Isabela Ribeiro Santos;9000000000178940000;ISELET1;;;
Mariana Almeida Lima;9000000000127540000;ISELET1;;;
Karla Santos Eduardo;9000000000148810000;ISELET1;;;
Mariana Mendes Santos;9000000000197600000;ISELET1;;;
Mariana Mendes Santos;9000000000176680000;ISELET2;;;
Felipe Figueiredo Figueiredo;9000000000134570000;ISELET2;;;
João Nunes Figueiredo;9000000000120760000;ISELET2;;;
Carlos Almeida Lima;9000000000154420000;ISELET2;;;
Mariana Ribeiro Alves;9000000000100210000;ISELET2;;;
Daniela Figueiredo Santos;9000000000115060000;ISELET2;;;
Érica Nascimento Pereira;9000000000159380000;ISELET2;;;
Carlos Rocha Mendes;9000000000196180000;ISELET2;;;
Daniela Teixeira Ferreira;9000000000147680000;ISELET2;;;
Karla Almeida Alves;9000000000134700000;ISELET2;;;
Érica Teixeira Teixeira;9000000000178240000;ISELET2;;;
Graziella Santos Mendes;9000000000157470000;ISELET2;;;
Karla Mendes Oliveira;9000000000151310000;ISELET2;;;
Lucas Mendes Santos;9000000000181560000;ISELET2;;;
Hugo Mendes Alves;9000000000147840000;ISELET2;;;
Carlos Rocha Pereira;9000000000138710000;ISELET2;;;
Karla Nascimento Teixeira;9000000000160290000;ISELET2;;;
Daniela Ribeiro Alves;9000000000162400000;ISELET2;;;
Lucas Nunes Santos;9000000000190370000;ISELET2;;;
Graziella Rocha Santos;9000000000198680000;ISELET2;;;
Mariana Nunes Rocha;9000000000154740000;ISELET2;;;
Karla Ribeiro Lima;9000000000127960000;ISELET2;;;
Isabela Mendes Lima;9000000000189010000;ISELET2;;;
Carlos Figueiredo Oliveira;9000000000161140000;ISELET2;;;
Graziella Ribeiro Oliveira;9000000000182910000;ISELET2;;;
Lucas Figueiredo Rocha;9000000000129280000;ISELET2;;;
Karla Figueiredo Eduardo;9000000000148540000;ISELET2;;;
Carlos Teixeira Pereira;9000000000122940000;ISELET2;;;
Graziella Nascimento Pereira;9000000000164270000;LOG-S1-A;;;
Graziella Costa Ferreira;9000000000133910000;LOG-S1-A;;;
Graziella Nunes Ferreira;9000000000170880000;LOG-S1-A;;;
Mariana Ribeiro Mendes;9000000000137230000;LOG-S1-A;;;
João Almeida Eduardo;9000000000102640000;LOG-S1-A;;;
Karla Mendes Rocha;9000000000164650000;LOG-S1-A;;;
Felipe Santos Figueiredo;9000000000157530000;LOG-S1-A;;;
Karla Costa Santos;9000000000114650000;LOG-S1-A;;;
Érica Mendes Oliveira;9000000000188490000;LOG-S1-A;;;
Carlos Mendes Teixeira;9000000000162630000;LOG-S1-A;;;
João Teixeira Mendes;9000000000173310000;LOG-S1-A;;;
Karla Nunes Eduardo;9000000000113720000;LOG-S1-A;;;
Lucas Costa Oliveira;9000000000112150000;LOG-S1-A;;;
Lucas Nunes Alves;9000000000103080000;LOG-S1-A;;;
Mariana Almeida Eduardo;9000000000180050000;LOG-S1-A;;;
Mariana Santos Teixeira;9000000000131180000;LOG-S1-A;;;
Érica Almeida Pereira;9000000000155930000;LOG-S1-A;;;
Graziella Mendes Oliveira;9000000000104290000;LOG-S1-A;;;
Hugo Teixeira Eduardo;9000000000155310000;LOG-S1-A;;;
Érica Santos Oliveira;9000000000162870000;LOG-S1-A;;;
Graziella Santos Pereira;9000000000117620000;LOG-S1-A;;;
Felipe Almeida Alves;9000000000151280000;LOG-S1-A;;;
João Teixeira Pereira;9000000000184840000;LOG-S1-A;;;
Karla Almeida Alves;9000000000150330000;LOG-S1-A;;;
Felipe Santos Pereira;9000000000128320000;LOG-S1-A;;;
João Figueiredo Ferreira;9000000000176800000;LOG-S1-A;;;
João Nascimento Mendes;9000000000172730000;LOG-S1-A;;;
Daniela Rocha Lima;9000000000145230000;LOG-S1-A;;;
Daniela Almeida Figueiredo;9000000000126960000;LOG-S1-A;;;
Isabela Ribeiro Santos;9000000000164700000;LOG-S1-A;;;
Daniela Rocha Santos;9000000000171480000;LOG-S1-A;;;
João Figueiredo Alves;9000000000162710000;LOG-S1-A;;;
Graziella Ribeiro Alves;9000000000115990000;LOG-S1-A;;;
Érica Rocha Eduardo;9000000000145190000;ISPLAST2 ;;;
João Almeida Figueiredo;9000000000118490000;ISPLAST2 ;;;
Graziella Ribeiro Oliveira;9000000000136270000;ISPLAST2 ;;;
Érica Almeida Rocha;9000000000131850000;ISPLAST2 ;;;
Isabela Santos Teixeira;9000000000139080000;ISPLAST2 ;;;
Isabela Costa Oliveira;9000000000148550000;ISPLAST2 ;;;
Karla Figueiredo Pereira;9000000000112470000;ISPLAST2 ;;;
João Teixeira Lima;9000000000138890000;ISPLAST2 ;;;
Mariana Almeida Santos;9000000000102920000;ISPLAST2 ;;;
Felipe Costa Eduardo;9000000000171980000;ISPLAST2 ;;;
Hugo Ribeiro Teixeira;9000000000178680000;ISPLAST2 ;;;
João Almeida Alves;9000000000164410000;ISPLAST2 ;;;
Graziella Rocha Ferreira;9000000000100500000;ISPLAST2 ;;;
Graziella Nunes Eduardo;9000000000114660000;ISPLAST2 ;;;
Isabela Ribeiro Alves;9000000000135380000;ISPLAST2 ;;;
Graziella Almeida Alves;9000000000120100000;ISPLAST2 ;;;
Carlos Nunes Rocha;9000000000170300000;ISPLAST2 ;;;
Hugo Nascimento Oliveira;9000000000162480000;ISPLAST2 ;;;
Érica Rocha Figueiredo;9000000000127900000;ISPLAST2 ;;;
Lucas Rocha Rocha;9000000000109830000;ISPLAST2 ;;;
Felipe Rocha Oliveira;9000000000183000000;ISPLAST2 ;;;
Isabela Nunes Lima;9000000000156720000;ISPLAST2 ;;;
João Almeida Alves;9000000000127550000;ISPLAST2 ;;;
Hugo Nascimento Lima;9000000000149140000;ISPLAST2 ;;;
Daniela Costa Pereira;9000000000192380000;ISPLAST2 ;;;
Lucas Almeida Ferreira;9000000000190660000;ISPLAST2 ;;;
Érica Figueiredo Mendes;9000000000150610000;ISPLAST2 ;;;
Érica Mendes Teixeira;9000000000162340000;CONS ;;;
Graziella Mendes Pereira;9000000000106200000;CONS ;;;
João Nascimento Ferreira;9000000000142040000;CONS ;;;
Hugo Rocha Santos;9000000000166760000;CONS ;;;
Carlos Figueiredo Lima;9000000000109410000;CONS ;;;
João Mendes Ferreira;9000000000199060000;CONS ;;;
Isabela Figueiredo Oliveira;9000000000184260000;CONS ;;;
Érica Nunes Oliveira;9000000000181210000;CONS ;;;
Carlos Nascimento Lima;9000000000112790000;CONS ;;;
Felipe Almeida Lima;9000000000172560000;CONS ;;;
Hugo Ribeiro Ferreira;9000000000190920000;CONS ;;;
Felipe Santos Pereira;9000000000101790000;CONS ;;;
Érica Teixeira Oliveira;9000000000117860000;CONS ;;;
Carlos Rocha Alves;9000000000134890000;CONS ;;;
Isabela Almeida Eduardo;9000000000111090000;CONS ;;;
Mariana Figueiredo Figueiredo;9000000000184970000;CONS ;;;
Graziella Santos Rocha;9000000000177150000;CONS ;;;
Mariana Nascimento Rocha;9000000000120690000;CONS ;;;
Felipe Almeida Eduardo;9000000000104550000;CONS ;;;
Érica Rocha Figueiredo;9000000000177100000;CONS ;;;
Felipe Figueiredo Teixeira;9000000000192890000;CONS ;;;
Lucas Ribeiro Rocha;9000000000184240000;CONS ;;;
Isabela Santos Alves;9000000000118650000;CONS ;;;
Carlos Costa Alves;9000000000118520000;CONS ;;;
Graziella Santos Pereira;9000000000178000000;CONS ;;;
Mariana Almeida Figueiredo;9000000000171380000;CONS ;;;
Érica Almeida Oliveira;9000000000149310000;CONS ;;;
João Costa Figueiredo;9000000000101650000;CONS ;;;
Lucas Santos Oliveira;9000000000128530000;PROJ ;;;
Érica Almeida Lima;9000000000195450000;PROJ ;;;
Carlos Santos Lima;9000000000136450000;PROJ ;;;
Daniela Figueiredo Figueiredo;9000000000164310000;PROJ ;;;
João Nunes Lima;9000000000125720000;PROJ ;;;
Hugo Figueiredo Eduardo;9000000000123230000;PROJ ;;;
Karla Nascimento Eduardo;9000000000140030000;PROJ ;;;
Isabela Rocha Teixeira;9000000000195110000;PROJ ;;;
Hugo Almeida Lima;9000000000177730000;PROJ ;;;
Lucas Santos Teixeira;9000000000113990000;PROJ ;;;
Lucas Nunes Mendes;9000000000109790000;PROJ ;;;
Mariana Nunes Lima;9000000000137570000;PROJ ;;;
Graziella Almeida Teixeira;9000000000172690000;PROJ ;;;
Érica Nunes Eduardo;9000000000142540000;PROJ ;;;
Daniela Teixeira Teixeira;9000000000141990000;PROJ ;;;
João Nunes Teixeira;9000000000141210000;PROJ ;;;
Karla Almeida Eduardo;9000000000111680000;PROJ ;;;
Érica Mendes Alves;9000000000104120000;PROJ ;;;
Karla Nunes Mendes;9000000000190410000;PROJ ;;;
Carlos Figueiredo Ferreira;9000000000109210000;PROJ ;;;
Carlos Mendes Rocha;9000000000175240000;PROJ ;;;
Graziella Almeida Santos;9000000000166130000;PROJ ;;;
Daniela Almeida Rocha;9000000000121930000;PROJ ;;;
Felipe Figueiredo Mendes;9000000000197550000;PROJ ;;;
João Teixeira Eduardo;9000000000183690000;PROJ ;;;
Mariana Costa Mendes;9000000000191860000;PROJ ;;;
Lucas Teixeira Santos;9000000000138650000;PROJ ;;;
Érica Almeida Alves;9000000000115690000;PROJ ;;;
Hugo Nascimento Figueiredo;9000000000103070000;MUMP-A;;;
Graziella Nunes Lima;9000000000150790000;MUMP-A;;;
Daniela Almeida Eduardo;9000000000144020000;MUMP-A;;;
Érica Rocha Santos;9000000000142640000;MUMP-A;;;
Felipe Ribeiro Mendes;9000000000124650000;MUMP-A;;;
Isabela Ribeiro Ferreira;9000000000117010000;MUMP-A;;;
Graziella Mendes Pereira;9000000000177370000;MUMP-A;;;
Érica Rocha Mendes;9000000000178900000;MUMP-A;;;
Carlos Ribeiro Mendes;9000000000114680000;MUMP-A;;;
Mariana Costa Figueiredo;9000000000113970000;MUMP-A;;;
Érica Rocha Rocha;9000000000129200000;MUMP-A;;;
Érica Rocha Eduardo;9000000000120870000;MUMP-A;;;
Felipe Ribeiro Santos;9000000000197180000;MUMP-A;;;
Felipe Santos Santos;9000000000154970000;MUMP-A;;;
Mariana Nunes Oliveira;9000000000162620000;MUMP-A;;;
Érica Figueiredo Rocha;9000000000147600000;MUMP-A;;;
Mariana Costa Ferreira;9000000000146490000;MUMP-A;;;
Mariana Teixeira Alves;9000000000119020000;MUMP-A;;;
Graziella Almeida Ferreira;9000000000125410000;MUMP-A;;;
Felipe Figueiredo Ferreira;9000000000111730000;MUMP-A;;;
Karla Figueiredo Ferreira;9000000000110280000;MUMP-A;;;
Graziella Mendes Ferreira;9000000000113800000;MUMP-A;;;
Isabela Costa Oliveira;9000000000186370000;MUMP-A;;;
Carlos Nascimento Ferreira;9000000000198830000;MUMP-A;;;
João Santos Santos;9000000000184630000;MUMP-A;;;
Karla Teixeira Eduardo;9000000000198190000;MUMP-A;;;
Mariana Figueiredo Ferreira;9000000000136110000;MUMP-A;;;
Érica Mendes Santos;9000000000135970000;MUMP-A;;;
Graziella Teixeira Figueiredo;9000000000120940000;MUMP-B;;;
Daniela Santos Rocha;9000000000147980000;MUMP-B;;;
Carlos Nunes Alves;9000000000142360000;MUMP-B;;;
Lucas Teixeira Rocha;9000000000193280000;MUMP-B;;;
Érica Almeida Lima;9000000000119890000;MUMP-B;;;
Érica Almeida Rocha;9000000000189060000;MUMP-B;;;
Karla Teixeira Alves;9000000000194400000;MUMP-B;;;
Carlos Costa Pereira;9000000000114320000;MUMP-B;;;
Érica Almeida Mendes;9000000000108900000;MUMP-B;;;
Isabela Mendes Teixeira;9000000000145260000;MUMP-B;;;
Mariana Rocha Oliveira;9000000000153680000;MUMP-B;;;
Érica Nunes Alves;9000000000188940000;MUMP-B;;;
Karla Almeida Rocha;9000000000199410000;MUMP-B;;;
Graziella Nunes Pereira;9000000000181420000;MUMP-B;;;
Graziella Mendes Ferreira;9000000000160080000;MUMP-B;;;
Mariana Teixeira Pereira;9000000000168590000;MUMP-B;;;
Érica Teixeira Teixeira;9000000000182810000;MUMP-B;;;
Lucas Costa Rocha;9000000000100190000;MUMP-B;;;
Isabela Ribeiro Pereira;9000000000121680000;MUMP-B;;;
João Rocha Lima;9000000000125380000;MUMP-B;;;
Érica Figueiredo Oliveira;9000000000112500000;MUMP-B;;;
Felipe Almeida Teixeira;9000000000166920000;MUMP-B;;;
João Almeida Eduardo;9000000000195100000;MUMP-B;;;
Felipe Teixeira Eduardo;9000000000164550000;MUMP-B;;;
Daniela Ribeiro Figueiredo;9000000000165370000;MUMP-B;;;
Daniela Rocha Lima;9000000000132180000;MUMP-B;;;
Hugo Santos Oliveira;9000000000167600000;MUMP-B;;;
Karla Nunes Alves;9000000000131170000;MUMP-B;;;
Carlos Figueiredo Rocha;9000000000195700000;MUMP-C;;;
Hugo Almeida Pereira;9000000000105150000;MUMP-C;;;
Carlos Costa Ferreira;9000000000131490000;MUMP-C;;;
Daniela Almeida Alves;9000000000164030000;MUMP-C;;;
João Nunes Mendes;9000000000174720000;MUMP-C;;;
João Nunes Rocha;9000000000100460000;MUMP-C;;;
Hugo Ribeiro Oliveira;9000000000130290000;MUMP-C;;;
Lucas Mendes Oliveira;9000000000109020000;MUMP-C;;;
Felipe Nunes Figueiredo;9000000000196190000;MUMP-C;;;
Graziella Mendes Teixeira;9000000000115150000;MUMP-C;;;
Hugo Figueiredo Ferreira;9000000000164260000;MUMP-C;;;
Karla Santos Teixeira;9000000000166630000;MUMP-C;;;
Felipe Santos Ferreira;9000000000100750000;MUMP-C;;;
Daniela Santos Alves;9000000000182870000;MUMP-C;;;
Hugo Santos Oliveira;9000000000108020000;MUMP-C;;;
Graziella Santos Oliveira;9000000000159840000;MUMP-C;;;
Graziella Rocha Ferreira;9000000000124370000;MUMP-C;;;
Graziella Figueiredo Alves;9000000000184070000;MUMP-C;;;
Lucas Nunes Santos;9000000000140810000;MUMP-C;;;
Karla Nunes Ferreira;9000000000104500000;MUMP-C;;;
João Ribeiro Ferreira;9000000000124750000;MUMP-C;;;
Graziella Nascimento Eduardo;9000000000166450000;MUMP-C;;;
Lucas Almeida Eduardo;9000000000134370000;MUMP-C;;;
Mariana Almeida Teixeira;9000000000129480000;MUMP-C;;;
Mariana Costa Pereira;9000000000113740000;MUMP-C;;;
Carlos Santos Rocha;9000000000104790000;MUMP-C;;;
Mariana Costa Figueiredo;9000000000182290000;MLOC;;;
Érica Nascimento Mendes;9000000000170090000;MLOC;;;
Hugo Nunes Ferreira;9000000000182130000;MLOC;;;
Mariana Figueiredo Eduardo;9000000000128450000;MLOC;;;
Carlos Santos Santos;9000000000110420000;MLOC;;;
Érica Figueiredo Pereira;9000000000146360000;MLOC;;;
Karla Mendes Teixeira;9000000000159340000;MLOC;;;
Lucas Almeida Ferreira;9000000000171390000;MLOC;;;
Daniela Teixeira Teixeira;9000000000180210000;MLOC;;;
Mariana Almeida Eduardo;9000000000141550000;MLOC;;;
Lucas Mendes Santos;9000000000106700000;MLOC;;;
Felipe Mendes Mendes;9000000000157250000;MLOC;;;
João Mendes Santos;9000000000109330000;MLOC;;;
Érica Nascimento Teixeira;9000000000185460000;MLOC;;;
Daniela Mendes Oliveira;9000000000192760000;MLOC;;;
Lucas Almeida Figueiredo;9000000000113050000;MLOC;;;
Isabela Costa Rocha;9000000000128160000;MLOC;;;
Hugo Costa Eduardo;9000000000151570000;MLOC;;;
Mariana Teixeira Eduardo;9000000000191960000;MLOC;;;
Karla Teixeira Santos;9000000000161760000;MLOC;;;
Graziella Ribeiro Oliveira;9000000000148270000;MLOC;;;
Carlos Nunes Eduardo;9000000000198330000;LOG-S1-B;;;
Karla Nascimento Figueiredo;9000000000124110000;LOG-S1-B;;;
Lucas Almeida  ;9000000000997740000;LOG-S1-B;;;
Ana Clara Ferreira  ;9000000000512340000;LOG-S1-B;;;
João Silva  ;9000000000856940000;LOG-S1-B;;;
Maria Eduarda Lima  ;9000000000938760000;LOG-S1-B;;;
Pedro Henrique Santos  ;9000000000753120000;LOG-S1-B;;;
Laura Costa  ;9000000000321750000;LOG-S1-B;;;
Rafael Sousa  ;9000000000876590000;LOG-S1-B;;;
Julia Gomes  ;9000000000412370000;LOG-S1-B;;;
Gabriel Rocha  ;9000000000765490000;LOG-S1-B;;;
Sofia Carvalho  ;9000000000901230000;LOG-S1-B;;;
Bruno Pereira  ;9000000000587640000;LOG-S1-B;;;
Letícia Martins  ;9000000000123640000;LOG-S1-B;;;
Thiago Oliveira  ;9000000000938750000;LOG-S1-B;;;
Camila Ribeiro  ;9000000000891230000;LOG-S1-B;;;
Gustavo Mendes  ;9000000000432180000;LOG-S1-B;;;
Mariana Fernandes  ;9000000000798310000;LOG-S1-B;;;
Felipe Monteiro  ;9000000000376540000;LOG-S1-B;;;
Isabela Nunes  ;9000000000874650000;LOG-S1-B;;;
Daniel Barbosa  ;9000000000543160000;LOG-S1-B;;;
Larissa Azevedo  ;9000000000918270000;LOG-S1-B;;;
Leonardo Teixeira  ;9000000000612390000;LOG-S1-B;;;
Beatriz Farias  ;9000000000847560000;LOG-S1-B;;;
Rodrigo Cardoso  ;9000000000387650000;LOG-S1-B;;;
Rafaela Moraes  ;9000000000798340000;ISLOG1;;;
Vinicius Lopes  ;9000000000527160000;ISLOG1;;;
Vanessa Rodrigues  ;9000000000918720000;ISLOG1;;;
Eduardo Cunha  ;9000000000684510000;ISLOG1;;;
Carolina Batista  ;9000000000341750000;ISLOG1;;;
Matheus Santana  ;9000000000819270000;ISLOG1;;;
Gabriela Martins  ;9000000000591820000;ISLOG1;;;
Diego Souza  ;9000000000738490000;ISLOG1;;;
Luana Borges  ;9000000000419280000;ISLOG1;;;
André Alves  ;9000000000841950000;ISLOG1;;;
Clara Lima  ;9000000000319780000;ISLOG1;;;
Alexandre Costa  ;9000000000675230000;ISLOG1;;;
Fernanda Santos  ;9000000000983740000;ISLOG1;;;
Igor Neves  ;9000000000523870000;ISLOG1;;;
Bianca Vieira  ;9000000000823760000;ISLOG1;;;
Marcelo Figueiredo  ;9000000000675430000;ISLOG1;;;
Daniela Marques  ;9000000000432160000;ISLOG1;;;
Lucas Mendes  ;9000000000854720000;ISLOG1;;;
Natália Dias  ;9000000000123750000;ISLOG1;;;
Vitor Rodrigues  ;9000000000598230000;ISLOG1;;;
Patrícia Almeida  ;9000000000837650000;ISLOG1;;;
Henrique Moreira  ;9000000000723490000;ISLOG1;;;
Aline Costa  ;9000000000912760000;ISLOG1;;;
Bruno Lopes  ;9000000000478230000;ISLOG2;;;
Karina Ribeiro  ;9000000000817360000;ISLOG2;;;
Caio Gomes  ;9000000000928370000;ISLOG2;;;
Thaís Correia  ;9000000000563210000;ISLOG2;;;
Rodrigo Souza  ;9000000000341290000;ISLOG2;;;
Larissa Nascimento  ;9000000000982140000;ISLOG2;;;
Rafael Carvalho  ;9000000000765430000;ISLOG2;;;
Tatiane Ferreira  ;9000000000541360000;ISLOG2;;;
Bruno Matos  ;9000000000976430000;ISLOG2;;;
Gabriela Costa  ;9000000000438720000;ISLOG2;;;
Thiago Pereira  ;9000000000812630000;ISLOG2;;;
Juliana Moreira  ;9000000000671940000;ISLOG2;;;
Marcelo Almeida  ;9000000000387620000;ISLOG2;;;
Isabela Santos  ;9000000000958230000;ISLOG2;;;
Vinicius Nogueira  ;9000000000729380000;ISLOG2;;;
Camila Rocha  ;9000000000419370000;ISLOG2;;;
Gustavo Monteiro  ;9000000000893620000;ISLOG2;;;
Renata Azevedo  ;9000000000361740000;ISLOG2;;;
Leonardo Cunha  ;9000000000812360000;ISLOG2;;;
Priscila Vieira  ;9000000000948170000;ISLOG2;;;
Felipe Cardoso  ;9000000000758240000;PLAST-S1-A;;;
Amanda Melo  ;9000000000493710000;PLAST-S1-A;;;
Igor Pereira  ;9000000000819750000;PLAST-S1-A;;;
Fernanda Fernandes  ;9000000000934870000;PLAST-S1-A;;;
Lucas Monteiro  ;9000000000653280000;PLAST-S1-A;;;
Mariana Souza  ;9000000000891760000;PLAST-S1-A;;;
Gabriel Barbosa  ;9000000000348270000;PLAST-S1-A;;;
Letícia Castro  ;9000000000786120000;PLAST-S1-A;;;
André Silva  ;9000000000912730000;PLAST-S1-A;;;
Bruna Lopes  ;9000000000675340000;PLAST-S1-A;;;
Daniel Lima  ;9000000000548170000;PLAST-S1-A;;;
Rafaela Martins  ;9000000000387420000;PLAST-S1-A;;;
Matheus Cunha  ;9000000000856230000;PLAST-S1-A;;;
Carolina Oliveira  ;9000000000498170000;PLAST-S1-A;;;
Diego Mendes  ;9000000000719450000;PLAST-S1-A;;;
Aline Gomes  ;9000000000831920000;PLAST-S1-A;;;
Eduardo Santos  ;9000000000652140000;PLAST-S1-A;;;
Beatriz Silva  ;9000000000975430000;PLAST-S1-A;;;
Vitor Monteiro  ;9000000000486210000;PLAST-S1-A;;;
Bianca Mendes  ;9000000000923740000;PLAST-S1-A;;;
Henrique Rocha  ;9000000000518760000;PLAST-S1-A;;;
Vanessa Pereira  ;9000000000738150000;PLAST-S1-A;;;
Rodrigo Lima  ;9000000000456230000;PLAST-S1-A;;;
Camila Farias  ;9000000000871240000;PLAST-S1-A;;;
Isabela Ribeiro  ;9000000000628340000;PLAST-S1-B;;;
Rafael Nogueira  ;9000000000432850000;PLAST-S1-B;;;
Larissa Costa  ;9000000000782130000;PLAST-S1-B;;;
Bruno Santana  ;9000000000549280000;PLAST-S1-B;;;
Patrícia Farias  ;9000000000328470000;PLAST-S1-B;;;
Gustavo Ribeiro  ;9000000000987160000;PLAST-S1-B;;;
Fernanda Silva  ;9000000000743190000;PLAST-S1-B;;;
Leonardo Almeida  ;9000000000537120000;PLAST-S1-B;;;
Mariana Rodrigues  ;9000000000916720000;PLAST-S1-B;;;
Gabriel Monteiro  ;9000000000428170000;PLAST-S1-B;;;
Rafaela Cunha  ;9000000000874130000;PLAST-S1-B;;;
Marcelo Santos  ;9000000000689230000;PLAST-S1-B;;;
Aline Martins  ;9000000000736180000;PLAST-S1-B;;;
Lucas Sousa  ;9000000000924830000;PLAST-S1-B;;;
Juliana Silva  ;9000000000482160000;PLAST-S1-B;;;
Thiago Mendes  ;9000000000857930000;PLAST-S1-B;;;
Ana Paula Rocha  ;9000000000721380000;PLAST-S1-B;;;
Vinicius Fernandes  ;9000000000498270000;PLAST-S1-B;;;
Beatriz Oliveira  ;9000000000834760000;PLAST-S1-B;;;
Bruno Silva  ;9000000000318290000;PLAST-S1-B;;;
Camila Ferreira  ;9000000000758290000;PLAST-S1-B;;;
Daniel Almeida  ;9000000000925180000;PLAST-S1-B;;;
Gabriela Nunes  ;9000000000643820000;PLAST-S1-B;;;
Felipe Oliveira  ;9000000000389210000;PLAST-S1-B;;;
Natália Costa  ;9000000000756410000;PLAST-S1-B;;;
Henrique Santos  ;9000000000427810000;PLAST-S1-B;;;
Mariana Melo  ;9000000000873150000;PLAST-S1-B;;;
Vitor Pereira  ;9000000000653270000;PLAST-S1-B;;;
Clara Souza  ;9000000000743210000;PLAST-S1-B;;;
André Gomes  ;9000000000815230000;PLAST-S1-B;;;
Rafaela Lima  ;9000000000982370000;PLAST-S1-B;;;
Leonardo Rodrigues  ;9000000000674920000;PLAST-S1-B;;;
Patrícia Nogueira  ;9000000000328170000;PLAST-S1-B;;;
Lucas Carvalho  ;9000000000792180000;ISPLAST1;;;
Letícia Monteiro  ;9000000000658270000;ISPLAST1;;;
Eduardo Farias  ;9000000000945230000;ISPLAST1;;;
Bianca Santos  ;9000000000832910000;ISPLAST1;;;
Rodrigo Almeida  ;9000000000426170000;ISPLAST1;;;
Aline Costa  ;9000000000782140000;ISPLAST1;;;
Bruno Pereira  ;9000000000531820000;ISPLAST1;;;
Fernanda Nunes  ;9000000000657490000;ISPLAST1;;;
Gustavo Lopes  ;9000000000941230000;ISPLAST1;;;
Camila Monteiro  ;9000000000732810000;ISPLAST1;;;
Mariana Rodrigues  ;9000000000492630000;ISPLAST1;;;
Rafaela Almeida  ;9000000000875360000;ISPLAST1;;;
Thiago Costa  ;9000000000984710000;ISPLAST1;;;
Larissa Nunes  ;9000000000451820000;ISPLAST1;;;
Marcelo Silva  ;9000000000734620000;ISPLAST1;;;
Ana Clara Lima  ;9000000000541930000;ISPLAST1;;;
Carolina Monteiro  ;9000000000815270000;ISPLAST1;;;
Rodrigo Martins  ;9000000000731640000;ISPLAST1;;;
Isabela Souza  ;9000000000652910000;ISPLAST1;;;
Lucas Pereira  ;9000000000987260000;ISPLAST1;;;
Juliana Almeida  ;9000000000493820000;ISPLAST1;;;
Camila Fernandes;9000000000328140000;ISPLAST1;;;
;;;;;
;;;;;
;;;;;
;;;;;
;;;;;
;;;;;
;;;;;
;;;;;
;;;;;
;;;;;
;;;;;
;;;;;
;;;;;
;;;;;
;;;;;
;;;;;
;;;;;
;;;;;
;;;;;
;;;;;
;;;;;
;;;;;
;;;;;
;;;;;
;;;;;
;;;;;
;;;;;
;;;;;
;;;;;
;;;;;
;;;;;
;;;;;
